Residue,Chain,ResNum,pKa,Side_SASA,Total_SASA,Accessible,Deprotonated,Accessibility_Score,Warhead,Reactivity_Score_Protonated,Reactivity_Score_Deprotonated,Reactivity_Score,Combined_Score,Binary_Accessible,Binary_Reactivity_Protonated,Binary_Reactivity_Deprotonated,Binary_Orbital_Protonated,Binary_Orbital_Deprotonated,Binary_HSAB,Binary_Score_Protonated,Binary_Score_Deprotonated,Binary_Reactivity,Binary_Orbital,Binary_Score
THR,A,65,-1,15.8,24,TRUE,n/a,1,Alpha-beta epoxyketone (epoxide),0.554651768,0.7451925720000001,0.7451925720000001,0.7451925720000001,1,0,1,1,1,1,0,1,1,1,1
THR,A,67,-1,28.6,21.9,TRUE,n/a,1,Alpha-beta epoxyketone (epoxide),0.554651768,0.7451925720000001,0.7451925720000001,0.7451925720000001,1,0,1,1,1,1,0,1,1,1,1
THR,D,152,-1,42.6,33.4,TRUE,n/a,1,Alpha-beta epoxyketone (epoxide),0.554651768,0.7451925720000001,0.7451925720000001,0.7451925720000001,1,0,1,1,1,1,0,1,1,1,1
THR,D,177,-1,52.4,44.5,TRUE,n/a,1,Alpha-beta epoxyketone (epoxide),0.554651768,0.7451925720000001,0.7451925720000001,0.7451925720000001,1,0,1,1,1,1,0,1,1,1,1
THR,D,183,-1,47.8,36.5,TRUE,n/a,1,Alpha-beta epoxyketone (epoxide),0.554651768,0.7451925720000001,0.7451925720000001,0.7451925720000001,1,0,1,1,1,1,0,1,1,1,1
THR,E,55,-1,79.5,81,TRUE,n/a,1,Alpha-beta epoxyketone (epoxide),0.554651768,0.7451925720000001,0.7451925720000001,0.7451925720000001,1,0,1,1,1,1,0,1,1,1,1
THR,E,87,-1,44.8,36.8,TRUE,n/a,1,Alpha-beta epoxyketone (epoxide),0.554651768,0.7451925720000001,0.7451925720000001,0.7451925720000001,1,0,1,1,1,1,0,1,1,1,1
THR,E,102,-1,27.2,19.1,TRUE,n/a,1,Alpha-beta epoxyketone (epoxide),0.554651768,0.7451925720000001,0.7451925720000001,0.7451925720000001,1,0,1,1,1,1,0,1,1,1,1
THR,G,5,-1,92.8,74.6,TRUE,n/a,1,Alpha-beta epoxyketone (epoxide),0.554651768,0.7451925720000001,0.7451925720000001,0.7451925720000001,1,0,1,1,1,1,0,1,1,1,1
THR,G,174,-1,54,40.6,TRUE,n/a,1,Alpha-beta epoxyketone (epoxide),0.554651768,0.7451925720000001,0.7451925720000001,0.7451925720000001,1,0,1,1,1,1,0,1,1,1,1
THR,G,185,-1,39,27.6,TRUE,n/a,1,Alpha-beta epoxyketone (epoxide),0.554651768,0.7451925720000001,0.7451925720000001,0.7451925720000001,1,0,1,1,1,1,0,1,1,1,1
THR,H,1,-1,20.2,21.6,TRUE,n/a,1,Alpha-beta epoxyketone (epoxide),0.554651768,0.7451925720000001,0.7451925720000001,0.7451925720000001,1,0,1,1,1,1,0,1,1,1,1
THR,I,1,-1,15.5,20.6,TRUE,n/a,1,Alpha-beta epoxyketone (epoxide),0.554651768,0.7451925720000001,0.7451925720000001,0.7451925720000001,1,0,1,1,1,1,0,1,1,1,1
THR,L,1,-1,16,18,TRUE,n/a,1,Alpha-beta epoxyketone (epoxide),0.554651768,0.7451925720000001,0.7451925720000001,0.7451925720000001,1,0,1,1,1,1,0,1,1,1,1
